{
    "Boss": {
        "HP": 19,
        "Idle": {
            "sec": 3.0
        },
        "Move": {
            "移動時間/s": 2.0,
            "移動速度/s": 3.0
        },
        "model": {
            "Phong Reflection": 0,
            "UV": {
                "サイズ": [
                    1.0,
                    1.0,
                    1.0
                ],
                "回転": [
                    0.0,
                    0.0,
                    0.0
                ],
                "座標": [
                    0.0,
                    0.0,
                    0.0
                ]
            },
            "joint": false,
            "material color": [
                0.800000011920929,
                0.0,
                0.0,
                1.0
            ],
            "model": true,
            "shiness": 20.0,
            "アニメーション": {
                "ループ": true,
                "ループ時間": 1.0,
                "有効": true
            },
            "キキャク": 0.0,
            "テクスチャ": 0,
            "ディレクショナルライト": 1,
            "ハーフランバート": 1,
            "ポイントライト": 0,
            "光沢度": 0.0,
            "金属光沢": 0
        },
        "体コライダー": {
            "\tワールド": {
                "スケール": [
                    3.890000104904175,
                    3.890000104904175,
                    3.890000104904175
                ],
                "回転": [
                    0.0,
                    0.0,
                    0.0
                ],
                "座標": [
                    0.0,
                    4.130000114440918,
                    0.0
                ]
            },
            "サイズ": 3.890000104904175,
            "ヒット色": [
                1.0,
                0.0,
                0.0,
                0.5
            ],
            "描画": true,
            "有効": true,
            "通常色": [
                1.0,
                1.0,
                1.0,
                0.5
            ]
        },
        "攻撃コライダー": {
            "\tワールド": {
                "スケール": [
                    2.8499999046325684,
                    2.8499999046325684,
                    2.8499999046325684
                ],
                "回転": [
                    0.0,
                    0.0,
                    0.0
                ],
                "座標": [
                    0.0,
                    2.8299999237060547,
                    0.0
                ]
            },
            "サイズ": 2.8499999046325684,
            "ヒット色": [
                1.0,
                0.0,
                0.0,
                0.5
            ],
            "描画": true,
            "有効": false,
            "通常色": [
                1.0,
                1.0,
                1.0,
                0.5
            ]
        }
    }
}
