{
    "CGScene": {
        "ball": 13,
        "でーた": {
            "de-ta": {
                "ぼーる２": 13,
                "統計": {
                    "flo": 0.9399999976158142,
                    "vec": [
                        -0.4000000059604645,
                        -0.3100000023841858,
                        0.550000011920929
                    ],
                    "急": 13
                }
            },
            "ぼーる": 13
        }
    }
}
