{
    "hitplaneEffect": {
        "モデル": {
            "UV": {
                "スケール": [
                    1.0,
                    1.0,
                    1.0
                ],
                "回転": [
                    0.0,
                    0.0,
                    0.0
                ],
                "座標": [
                    0.0,
                    0.0,
                    0.0
                ]
            },
            "ハーフランバート": 1,
            "ライティング": 0,
            "画像フラグ": 0,
            "統一色": [
                0.6421568393707275,
                1.0,
                0.9473759531974792,
                1.0
            ]
        },
        "出現最大範囲": [
            0.0,
            0.0,
            0.0
        ],
        "出現最小範囲": [
            0.0,
            0.0,
            0.0
        ],
        "加速度": [
            0.0,
            0.0,
            0.0
        ],
        "最大ベクトル方向": [
            1.0,
            1.0,
            1.0
        ],
        "最小ベクトル方向": [
            -1.0,
            -1.0,
            0.0
        ]
    }
}
