{
    "hitplaneEffect": {
        "acce": [
            0.0,
            0.0,
            0.0
        ],
        "maxVeloDirec": [
            1.0,
            1.0,
            1.0
        ],
        "minVeloDirec": [
            -1.0,
            -1.0,
            0.0
        ],
        "model": {
            "UV": {
                "スケール": [
                    1.0,
                    1.0,
                    1.0
                ],
                "回転": [
                    0.0,
                    0.0,
                    0.0
                ],
                "座標": [
                    0.0,
                    0.0,
                    0.0
                ]
            },
            "ハーフランバート": 1,
            "ライティング": 0,
            "画像フラグ": 0,
            "統一色": [
                0.6029411554336548,
                1.0,
                0.8715397715568542,
                1.0
            ]
        },
        "posMax": [
            0.0,
            0.0,
            0.0
        ],
        "posMin": [
            0.0,
            0.0,
            0.0
        ]
    }
}
