{
    "Plane": {
        "model": {
            "Phong Reflection": 0,
            "UV": {
                "サイズ": [
                    50.040000915527344,
                    47.86000061035156,
                    0.0
                ],
                "回転": [
                    0.0,
                    0.36000001430511475,
                    0.5199999809265137
                ],
                "座標": [
                    -0.17000000178813934,
                    0.0,
                    0.0
                ]
            },
            "joint": false,
            "material color": [
                0.5098038911819458,
                0.783737063407898,
                1.0,
                1.0
            ],
            "model": true,
            "shiness": 20.0,
            "アニメーション": {
                "ループ": false,
                "ループ時間": 1.0,
                "有効": false
            },
            "キキャク": 0.0,
            "テクスチャ": 1,
            "ディレクショナルライト": 1,
            "ハーフランバート": 1,
            "ポイントライト": 0,
            "光沢度": 0.0,
            "金属光沢": 0
        }
    }
}
