{
    "Player": {
        "model": {
            "Phong Reflection": 0,
            "UV": {
                "サイズ": [
                    1.0,
                    1.0,
                    1.0
                ],
                "回転": [
                    0.0,
                    0.0,
                    0.0
                ],
                "座標": [
                    0.0,
                    0.0,
                    0.0
                ]
            },
            "joint": false,
            "material color": [
                1.0,
                1.0,
                1.0,
                1.0
            ],
            "model": true,
            "shiness": 20.0,
            "アニメーション": {
                "ループ": true,
                "ループ時間": 1.0,
                "有効": true
            },
            "キキャク": 0.0,
            "テクスチャ": 0,
            "ディレクショナルライト": 1,
            "ハーフランバート": 1,
            "ポイントライト": 0,
            "光沢度": 0.0,
            "金属光沢": 0
        },
        "roll": {
            "完全停止までの時間/s": 0.5,
            "距離": 20.0,
            "速度": 40.0
        },
        "スタミナ": {
            "ダッシュ時の消費量/1s": 10.0,
            "一秒間の回復量": 100.0,
            "回復開始までの時間": 1.0,
            "回転時の消費量": 20.0,
            "攻撃時の消費量": 10.0,
            "最大スタミナ": 100.0
        },
        "ダッシュ時の速度倍率": 2.0,
        "体コライダー": {
            "\tワールド": {
                "スケール": [
                    2.690000057220459,
                    2.690000057220459,
                    2.690000057220459
                ],
                "回転": [
                    0.0,
                    0.0,
                    0.0
                ],
                "座標": [
                    0.0,
                    2.8399999141693115,
                    0.0
                ]
            },
            "サイズ": 2.690000057220459,
            "ヒット色": [
                1.0,
                0.0,
                0.0,
                0.5
            ],
            "描画": true,
            "有効": true,
            "通常色": [
                1.0,
                1.0,
                1.0,
                0.5
            ]
        },
        "体力": 9,
        "攻撃コライダー": {
            "\tワールド": {
                "スケール": [
                    2.1500000953674316,
                    2.1500000953674316,
                    2.1500000953674316
                ],
                "回転": [
                    0.0,
                    0.0,
                    0.0
                ],
                "座標": [
                    0.0,
                    4.260000228881836,
                    -1.9600000381469727
                ]
            },
            "サイズ": 2.1500000953674316,
            "ヒット色": [
                1.0,
                0.0,
                0.0,
                0.5
            ],
            "描画": true,
            "有効": true,
            "通常色": [
                1.0,
                1.0,
                1.0,
                0.5
            ]
        },
        "移動速度": 13.0,
        "落下速度": 0.10000000149011612
    }
}
