{
    "Player": {
        "": {},
        "UI": {
            "HPバー": {
                "UVワールド": {
                    "スケール": [
                        1.0,
                        1.0,
                        1.0
                    ],
                    "回転": [
                        0.0,
                        0.0,
                        0.0
                    ],
                    "座標": [
                        0.0,
                        0.0,
                        0.0
                    ]
                },
                "ワールド": {
                    "スケール": [
                        6.914138793945313e-05,
                        30.0,
                        1.0
                    ],
                    "回転": [
                        0.0,
                        0.0,
                        0.0
                    ],
                    "座標": [
                        80.0,
                        600.0,
                        0.0
                    ]
                },
                "棄却量": 0.0,
                "画像": 1,
                "色": [
                    1.0,
                    0.9790946245193481,
                    0.28921568393707275,
                    1.0
                ]
            },
            "HPバー最大サイズ": 580.0
        },
        "down": {
            "とぶ初速度": 50.0,
            "アニメーションが変わりきるまでの速度": 0.10000000149011612,
            "アニメーションループの時間": 1.0,
            "吹き飛ぶ角度の高さ": 0.699999988079071,
            "復帰時移動速度倍率": 0.5,
            "復帰時間": 1.0,
            "重力": 90.0
        },
        "hitEffect": {
            "acce": [
                0.0,
                -100.0,
                0.0
            ],
            "maxVeloDirec": [
                1.0,
                1.0,
                1.0
            ],
            "minVeloDirec": [
                -1.0,
                1.0,
                -1.0
            ],
            "model": {
                "UV": {
                    "スケール": [
                        1.0,
                        1.0,
                        1.0
                    ],
                    "回転": [
                        0.0,
                        0.0,
                        0.0
                    ],
                    "座標": [
                        0.0,
                        0.0,
                        0.0
                    ]
                },
                "ハーフランバート": 1,
                "ライティング": 0,
                "画像フラグ": 0,
                "統一色": [
                    1.0,
                    1.0,
                    1.0,
                    1.0
                ]
            },
            "posMax": [
                0.0,
                0.0,
                0.0
            ],
            "posMin": [
                0.0,
                0.0,
                0.0
            ],
            "色": [
                1.0,
                0.36274510622024536,
                0.36274510622024536,
                1.0
            ]
        },
        "model": {
            "Phong Reflection": 0,
            "UV": {
                "サイズ": [
                    1.0,
                    1.0,
                    1.0
                ],
                "回転": [
                    0.0,
                    0.0,
                    0.0
                ],
                "座標": [
                    0.0,
                    0.0,
                    0.0
                ]
            },
            "joint": false,
            "material color": [
                1.0,
                1.0,
                1.0,
                1.0
            ],
            "model": true,
            "shiness": 20.0,
            "アニメーション": {
                "アニメーション進行度": 0.0,
                "ループ": true,
                "ループ時間": 0.0,
                "有効": true
            },
            "キキャク": 0.0,
            "テクスチャ": 0,
            "ディレクショナルライト": 1,
            "ハーフランバート": 1,
            "ポイントライト": 0,
            "光沢度": 0.0,
            "金属光沢": 0
        },
        "roll": {
            "ロール時間": 0.5,
            "完全停止までの時間/s": 0.5,
            "速度": 40.0
        },
        "アニメーション速度": {
            "待機": 0.0,
            "歩き": 1.0299999713897705,
            "走り": 2.0199999809265137
        },
        "スタミナ": {
            "ゲージ": {
                "UVワールド": {
                    "スケール": [
                        1.0,
                        1.0,
                        1.0
                    ],
                    "回転": [
                        0.0,
                        0.0,
                        0.0
                    ],
                    "座標": [
                        0.0,
                        0.0,
                        0.0
                    ]
                },
                "ワールド": {
                    "スケール": [
                        322.7290344238281,
                        5.510000228881836,
                        1.0
                    ],
                    "回転": [
                        0.0,
                        0.0,
                        0.0
                    ],
                    "座標": [
                        81.3499984741211,
                        620.0,
                        0.0
                    ]
                },
                "棄却量": 0.0,
                "画像": 1,
                "色": [
                    0.6233937740325928,
                    0.9660323858261108,
                    0.12254899740219116,
                    1.0
                ]
            },
            "ダッシュ時の消費量/1s": 20.0,
            "一秒間の回復量": 30.0,
            "回復開始までの時間": 1.0,
            "回転時の消費量": 30.0,
            "揺れる幅": 5.0,
            "揺れる時間": 0.5,
            "攻撃時の消費量": 0.0,
            "最大HPの時の色": [
                0.3290080428123474,
                1.0,
                0.12254899740219116,
                1.0
            ],
            "最大スタミナ": 100.0,
            "最小HPの時の色": [
                1.0,
                0.9225778579711914,
                0.12254899740219116,
                1.0
            ],
            "画像の最大サイズX": 575.0,
            "赤ゲージ": {
                "UVワールド": {
                    "スケール": [
                        1.0,
                        1.0,
                        1.0
                    ],
                    "回転": [
                        0.0,
                        0.0,
                        0.0
                    ],
                    "座標": [
                        0.0,
                        0.0,
                        0.0
                    ]
                },
                "ワールド": {
                    "スケール": [
                        0.0,
                        5.510000228881836,
                        1.0
                    ],
                    "回転": [
                        0.0,
                        0.0,
                        0.0
                    ],
                    "座標": [
                        81.3499984741211,
                        620.0,
                        0.0
                    ]
                },
                "棄却量": 0.0,
                "画像": 1,
                "色": [
                    1.0,
                    0.15686273574829102,
                    0.15686273574829102,
                    1.0
                ]
            }
        },
        "ダッシュ時の速度倍率": 3.0,
        "プレイヤ攻撃マネージャ": {
            "パンチ": {
                "コンボ1": {
                    "攻撃時間": 0.10000000149011612,
                    "移動倍率": 3.0,
                    "終了交直": 0.10000000149011612,
                    "開始交直": 0.10000000149011612
                },
                "コンボ2": {
                    "攻撃時間": 0.10000000149011612,
                    "移動倍率": 2.0,
                    "終了交直": 0.30000001192092896,
                    "開始交直": 0.20000000298023224
                },
                "コンボ3": {
                    "攻撃時間": 0.20000000298023224,
                    "移動倍率": 0.20000000298023224,
                    "終了交直": 0.10000000149011612,