{
    "Player": {
        "down": {
            "とぶ初速度": 50.0,
            "アニメーションが変わりきるまでの速度": 0.10000000149011612,
            "アニメーションループの時間": 1.0,
            "吹き飛ぶ角度の高さ": 0.699999988079071,
            "復帰時間": 1.0,
            "重力": 90.0
        },
        "model": {
            "Phong Reflection": 0,
            "UV": {
                "サイズ": [
                    1.0,
                    1.0,
                    1.0
                ],
                "回転": [
                    0.0,
                    0.0,
                    0.0
                ],
                "座標": [
                    0.0,
                    0.0,
                    0.0
                ]
            },
            "joint": false,
            "material color": [
                1.0,
                1.0,
                1.0,
                1.0
            ],
            "model": true,
            "shiness": 20.0,
            "アニメーション": {
                "ループ": true,
                "ループ時間": 1.0,
                "有効": true
            },
            "キキャク": 0.0,
            "テクスチャ": 0,
            "ディレクショナルライト": 1,
            "ハーフランバート": 1,
            "ポイントライト": 0,
            "光沢度": 0.0,
            "金属光沢": 0
        },
        "roll": {
            "ロール時間": 0.5,
            "完全停止までの時間/s": 0.5,
            "速度": 40.0
        },
        "スタミナ": {
            "ダッシュ時の消費量/1s": 10.0,
            "一秒間の回復量": 100.0,
            "回復開始までの時間": 1.0,
            "回転時の消費量": 20.0,
            "攻撃時の消費量": 10.0,
            "最大スタミナ": 100.0
        },
        "ダッシュ時の速度倍率": 2.0,
        "プレイヤ攻撃マネージャ": {
            "パンチ": {
                "コンボ1": {
                    "攻撃時間": 0.10000000149011612,
                    "終了交直": 0.10000000149011612,
                    "開始交直": 0.10000000149011612
                },
                "コンボ2": {
                    "攻撃時間": 0.10000000149011612,
                    "終了交直": 0.30000001192092896,
                    "開始交直": 0.20000000298023224
                },
                "コンボ3": {
                    "攻撃時間": 0.20000000298023224,
                    "終了交直": 0.10000000149011612,
                    "開始交直": 0.30000001192092896
                }
            }
        },
        "体コライダー": {
            "サイズ": 2.690000057220459,
            "ヒット色": [
                1.0,
                0.0,
                0.0,
                0.5
            ],
            "ワールド": {
                "スケール": [
                    2.690000057220459,
                    2.690000057220459,
                    2.690000057220459
                ],
                "回転": [
                    0.0,
                    0.0,
                    0.0
                ],
                "座標": [
                    0.0,
                    1.399999976158142,
                    0.0
                ]
            },
            "描画": true,
            "有効": true,
            "通常色": [
                1.0,
                1.0,
                1.0,
                0.5
            ]
        },
        "体力": 9,
        "攻撃コライダー": {
            "サイズ": 2.1500000953674316,
            "ヒット色": [
                1.0,
                0.0,
                0.0,
                0.5
            ],
            "ワールド": {
                "スケール": [
                    2.1500000953674316,
                    2.1500000953674316,
                    2.1500000953674316
                ],
                "回転": [
                    0.0,
                    0.0,
                    0.0
                ],
                "座標": [
                    0.0,
                    3.75,
                    -2.3399999141693115
                ]
            },
            "描画": true,
            "有効": false,
            "通常色": [
                1.0,
                1.0,
                1.0,
                0.5
            ]
        },
        "移動速度": 13.0
    }
}
