{
    "StageWall": {
        "ModelScale": [
            30.0,
            4.0,
            1.0
        ],
        "ModifierScale": [
            2.0,
            1.0,
            1.0
        ],
        "Size": 60.0,
        "wall0:NormalPosition": [
            0.0,
            0.0,
            1.0
        ],
        "wall0:Rotate": [
            0.0,
            0.0,
            0.0
        ],
        "wall1:NormalPosition": [
            0.949999988079071,
            0.0,
            0.3100000023841858
        ],
        "wall1:Rotate": [
            0.0,
            1.25600004196167,
            0.0
        ],
        "wall2:NormalPosition": [
            0.5899999737739563,
            0.0,
            -0.8100000023841858
        ],
        "wall2:Rotate": [
            0.0,
            2.513200044631958,
            0.0
        ],
        "wall3:NormalPosition": [
            -0.5899999737739563,
            0.0,
            -0.8100000023841858
        ],
        "wall3:Rotate": [
            0.0,
            3.7690000534057617,
            0.0
        ],
        "wall4:NormalPosition": [
            -0.949999988079071,
            0.0,
            0.3100000023841858
        ],
        "wall4:Rotate": [
            0.0,
            5.026000022888184,
            0.0
        ]
    }
}
