{
    "ボス": {
        "HP": 10,
        "Idle": {
            "sec": 3.0
        },
        "Move": {
            "移動時間/s": 2.0,
            "移動速度/s": 3.0
        },
        "model": {
            "Phong Reflection": 0,
            "UV": {
                "サイズ": [
                    1.0,
                    1.0,
                    1.0
                ],
                "回転": [
                    0.0,
                    0.0,
                    0.0
                ],
                "座標": [
                    0.0,
                    0.0,
                    0.0
                ]
            },
            "joint": false,
            "material color": [
                0.800000011920929,
                0.0,
                0.0,
                1.0
            ],
            "model": true,
            "shiness": 20.0,
            "アニメーション": {
                "ループ": true,
                "ループ時間": 1.0,
                "有効": true
            },
            "キキャク": 0.0,
            "テクスチャ": 0,
            "ディレクショナルライト": 1,
            "ハーフランバート": 1,
            "ポイントライト": 0,
            "光沢度": 0.0,
            "金属光沢": 0
        },
        "ボスサイズ": [
            3.0,
            3.0,
            3.0
        ],
        "体コライダー": {
            "サイズ": 2.9200000762939453,
            "ヒット色": [
                1.0,
                0.0,
                0.0,
                0.5
            ],
            "ワールド": {
                "スケール": [
                    2.9200000762939453,
                    2.9200000762939453,
                    2.9200000762939453
                ],
                "回転": [
                    0.0,
                    0.0,
                    0.0
                ],
                "座標": [
                    0.0,
                    3.200000047683716,
                    0.0
                ]
            },
            "描画": true,
            "有効": true,
            "通常色": [
                1.0,
                1.0,
                1.0,
                0.5
            ]
        },
        "攻撃コライダー": {
            "サイズ": 1.7200000286102295,
            "ヒット色": [
                1.0,
                0.0,
                0.0,
                0.5
            ],
            "ワールド": {
                "スケール": [
                    1.7200000286102295,
                    1.7200000286102295,
                    1.7200000286102295
                ],
                "回転": [
                    0.0,
                    0.0,
                    0.0
                ],
                "座標": [
                    0.0,
                    1.399999976158142,
                    0.0
                ]
            },
            "描画": true,
            "有効": false,
            "通常色": [
                1.0,
                1.0,
                1.0,
                0.5
            ]
        }
    }
}
