{
    "ボス": {
        "": {},
        "MAXHP": 20,
        "idle": {
            "sec": 3.0
        },
        "model": {
            "Phong Reflection": 0,
            "UV": {
                "サイズ": [
                    1.0,
                    1.0,
                    1.0
                ],
                "回転": [
                    0.0,
                    0.0,
                    0.0
                ],
                "座標": [
                    0.0,
                    0.0,
                    0.0
                ]
            },
            "joint": false,
            "material color": [
                0.800000011920929,
                0.0,
                0.0,
                1.0
            ],
            "model": true,
            "shiness": 20.0,
            "アニメーション": {
                "ループ": true,
                "ループ時間": 1.0,
                "有効": true
            },
            "キキャク": 0.0,
            "テクスチャ": 0,
            "ディレクショナルライト": 1,
            "ハーフランバート": 1,
            "ポイントライト": 0,
            "光沢度": 0.0,
            "金属光沢": 0
        },
        "ra": {
            "エフェクトの色1": [
                1.0,
                1.0,
                1.0,
                1.0
            ],
            "エフェクトの色2": [
                0.15686273574829102,
                0.9008074998855591,
                1.0,
                1.0
            ],
            "エフェクトの色3": [
                0.2210688292980194,
                0.9019607901573181,
                0.8018295168876648,
                1.0
            ],
            "ワールド": {},
            "生存時間": 3.0,
            "重力": 40.0
        },
        "ダウン": {
            "ダウンアニメーション": 2.0,
            "次に行くまでの時間": 3.0
        },
        "ボスUI": {
            "HPバー": {
                "UVワールド": {
                    "スケール": [
                        1.0,
                        1.0,
                        1.0
                    ],
                    "回転": [
                        0.0,
                        0.0,
                        0.0
                    ],
                    "座標": [
                        0.0,
                        0.0,
                        0.0
                    ]
                },
                "ワールド": {
                    "スケール": [
                        1000.0,
                        30.0,
                        1.0
                    ],
                    "回転": [
                        0.0,
                        0.0,
                        0.0
                    ],
                    "座標": [
                        140.0,
                        70.0,
                        0.0
                    ]
                },
                "棄却量": 0.0,
                "画像": 1,
                "色": [
                    1.0,
                    0.16176468133926392,
                    0.16176468133926392,
                    1.0
                ]
            },
            "barSize": 1000.0
        },
        "ボスサイズ": [
            3.0,
            3.0,
            3.0
        ],
        "体コライダー": {
            "サイズ": 2.9200000762939453,
            "ヒット色": [
                1.0,
                0.0,
                0.0,
                0.5
            ],
            "ワールド": {
                "スケール": [
                    2.9200000762939453,
                    2.9200000762939453,
                    2.9200000762939453
                ],
                "回転": [
                    0.0,
                    0.0,
                    0.0
                ],
                "座標": [
                    0.0,
                    3.200000047683716,
                    0.0
                ]
            },
            "描画": true,
            "有効": true,
            "通常色": [
                1.0,
                1.0,
                1.0,
                0.5
            ]
        },
        "弾マネージャ": {
            "コライダーサイズ": 2.0,
            "モデル": {
                "UV": {
                    "スケール": [
                        1.0,
                        1.0,
                        1.0
                    ],
                    "回転": [
                        0.0,
                        0.0,
                        0.0
                    ],
                    "座標": [
                        0.0,
                        0.0,
                        0.0
                    ]
                },
                "ハーフランバート": 1,
                "ライティング": 0,
                "画像フラグ": 0,
                "統一色": [
                    0.15700682997703552,
                    0.970588207244873,
                    0.7791573405265808,
                    1.0
                ]
            },
            "弾のサイズ": 1.0,
            "弾の速度": 200.0,
            "死亡までのカウント": 3.0
        },
        "攻撃コライダー": {
            "サイズ": 1.7200000286102295,
            "ヒット色": [
                1.0,
                0.0,
                0.0,
                0.5
            ],
            "ワールド": {
                "スケール": [
                    1.7200000286102295,
                    1.7200000286102295,
                    1.7200000286102295
                ],
                "回転": [
                    0.0,
                    0.0,
                    0.0
                ],
                "座標": [
                    0.0,
                    1.399999976158142,
                    0.0
                ]
            },
            "描画": true,
            "有効": false,
            "通常色": [
                1.0,
                1.0,
                1.0,
                0.5
            ]
        }
    }
}
