{
    "追従カメラ": {
        "カメラの追従位置の向き": 1.2000000476837158,
        "ターゲット位置との距離": 45.810001373291016,
        "プレイヤー座標のずれの値": [
            0.0,
            12.25,
            0.0
        ],
        "ボス座標のずれの値": [
            0.0,
            4.619999885559082,
            0.0
        ]
    }
}
