{
    "追従カメラ": {
        "X軸のカメラ回転最大制限": 0.5299999713897705,
        "X軸のカメラ回転最小制限": 0.0,
        "カメラの高さ": 9.630000114440918,
        "ターゲット位置との距離": 40.75,
        "プレイヤー座標のずれの値": [
            0.0,
            0.0,
            0.0
        ],
        "ボス座標のずれの値": [
            0.0,
            5.260000228881836,
            0.0
        ],
        "ワールド": {
            "スケール": [
                1.0,
                1.0,
                1.0
            ],
            "回転": [
                0.0,
                -0.174190953373909,
                0.0
            ],
            "座標": [
                -41.097740173339844,
                9.630000114440918,
                -76.98029327392578
            ]
        }
    }
}
